0,0,0,0,0,0,3.7217e-305,1.3977e-265,7.2967e-231,1.7124e-200,5.3158e-174,5.8688e-151,5.683e-131,1.0967e-113,8.8652e-99,5.8642e-86,5.7874e-75,1.4568e-65,1.5058e-57,9.734e-51,5.6937e-45,4.1598e-40,5.0194e-36,1.2719e-32,8.3042e-30,1.6598e-27,1.1717e-25,3.2818e-24,3.9989e-23,2.2725e-22,6.3231e-22,8.8653e-22,6.3231e-22,2.2725e-22,3.9989e-23,3.2818e-24,1.1717e-25,1.6598e-27,8.3042e-30,1.2719e-32,5.0194e-36,4.1598e-40,5.6937e-45,9.734e-51,1.5058e-57,1.4568e-65,5.7874e-75,5.8642e-86,8.8652e-99,1.0967e-113,5.683e-131,5.8688e-151,5.3158e-174,1.7124e-200,7.2967e-231,1.3977e-265,3.7217e-305,0,0,0,0,0,0
0,0,0,0,0,8.4635e-297,1.9999e-256,3.9997e-221,2.3393e-190,1.2527e-163,1.7493e-140,1.6566e-120,2.5383e-103,1.3828e-88,5.4462e-76,2.9311e-65,3.8049e-56,1.9731e-48,6.3805e-42,1.9021e-36,7.3519e-32,4.9504e-28,7.4872e-25,3.1595e-22,4.4681e-20,2.4681e-18,6.0417e-17,7.2574e-16,4.6349e-15,1.6715e-14,3.5498e-14,4.5504e-14,3.5498e-14,1.6715e-14,4.6349e-15,7.2574e-16,6.0417e-17,2.4681e-18,4.4681e-20,3.1595e-22,7.4872e-25,4.9504e-28,7.3519e-32,1.9021e-36,6.3805e-42,1.9731e-48,3.8049e-56,2.9311e-65,5.4462e-76,1.3828e-88,2.5383e-103,1.6566e-120,1.7493e-140,1.2527e-163,2.3393e-190,3.9997e-221,1.9999e-256,8.4635e-297,0,0,0,0,0
0,0,0,0,7.3843e-292,1.9443e-250,2.4663e-214,5.5919e-183,7.5857e-156,1.866e-132,2.2937e-112,3.5443e-95,1.5881e-80,4.3844e-68,1.4664e-57,1.0864e-48,3.045e-41,5.1788e-35,8.087e-30,1.6634e-25,6.1577e-22,5.3653e-19,1.383e-16,1.2797e-14,4.9966e-13,9.4137e-12,9.5464e-11,5.6881e-10,2.132e-09,5.2896e-09,8.9997e-09,1.0719e-08,8.9997e-09,5.2896e-09,2.132e-09,5.6881e-10,9.5464e-11,9.4137e-12,4.9966e-13,1.2797e-14,1.383e-16,5.3653e-19,6.1577e-22,1.6634e-25,8.087e-30,5.1788e-35,3.045e-41,1.0864e-48,1.4664e-57,4.3844e-68,1.5881e-80,3.5443e-95,2.2937e-112,1.866e-132,7.5857e-156,5.5919e-183,2.4663e-214,1.9443e-250,7.3843e-292,0,0,0,0
0,0,0,3.1587e-290,1.7607e-247,2.5023e-210,3.6315e-178,1.9358e-150,1.2287e-126,2.7248e-106,5.6274e-89,2.6331e-74,6.225e-62,1.5271e-51,7.389e-43,1.2466e-35,1.2118e-29,1.0538e-24,1.2019e-20,2.5024e-17,1.2625e-14,1.9638e-12,1.154e-10,3.0358e-09,4.1144e-08,3.2225e-07,1.6001e-06,5.4206e-06,1.3257e-05,2.4405e-05,3.4805e-05,3.9105e-05,3.4805e-05,2.4405e-05,1.3257e-05,5.4206e-06,1.6001e-06,3.2225e-07,4.1144e-08,3.0358e-09,1.154e-10,1.9638e-12,1.2625e-14,2.5024e-17,1.2019e-20,1.0538e-24,1.2118e-29,1.2466e-35,7.389e-43,1.5271e-51,6.225e-62,2.6331e-74,5.6274e-89,2.7248e-106,1.2287e-126,1.9358e-150,3.6315e-178,2.5023e-210,1.7607e-247,3.1587e-290,0,0,0
0,0,7.186e-292,1.7367e-247,5.2353e-209,8.555e-176,2.9449e-147,7.4459e-123,4.3422e-102,1.6585e-84,1.0699e-69,2.7414e-57,6.0139e-47,2.2418e-38,2.6083e-31,1.6187e-25,8.5626e-21,5.8015e-17,7.1511e-14,2.1646e-11,2.0747e-09,7.7953e-08,1.3714e-06,1.3076e-05,7.6134e-05,0.00029795,0.00084579,0.0018481,0.0032519,0.0047622,0.0059355,0.0063786,0.0059355,0.0047622,0.0032519,0.0018481,0.00084579,0.00029795,7.6134e-05,1.3076e-05,1.3714e-06,7.7953e-08,2.0747e-09,2.1646e-11,7.1511e-14,5.8015e-17,8.5626e-21,1.6187e-25,2.6083e-31,2.2418e-38,6.0139e-47,2.7414e-57,1.0699e-69,1.6585e-84,4.3422e-102,7.4459e-123,2.9449e-147,8.555e-176,5.2353e-209,1.7367e-247,7.186e-292,0,0
0,8.0149e-297,1.866e-250,2.4342e-210,8.437e-176,3.2803e-146,5.3947e-121,1.2685e-99,1.2972e-81,1.5854e-66,5.776e-54,1.4261e-43,4.9701e-35,4.688e-28,2.1239e-22,7.6325e-18,3.3617e-14,2.6384e-11,5.0765e-09,3.1348e-07,7.7807e-06,9.3511e-05,0.00063372,0.0027391,0.0083317,0.019274,0.036014,0.056913,0.078712,0.097636,0.11042,0.11492,0.11042,0.097636,0.078712,0.056913,0.036014,0.019274,0.0083317,0.0027391,0.00063372,9.3511e-05,7.7807e-06,3.1348e-07,5.0765e-09,2.6384e-11,3.3617e-14,7.6325e-18,2.1239e-22,4.688e-28,4.9701e-35,1.4261e-43,5.776e-54,1.5854e-66,1.2972e-81,1.2685e-99,5.3947e-121,3.2803e-146,8.437e-176,2.4342e-210,1.866e-250,8.0149e-297,0
3.4297e-305,1.8674e-256,2.3338e-214,3.4832e-178,2.8637e-147,5.3192e-121,8.1696e-99,3.4002e-80,1.1298e-64,7.9726e-52,2.8814e-41,1.1721e-32,1.0797e-25,4.1721e-20,1.1591e-15,3.6943e-12,2.0174e-09,2.6553e-07,1.1222e-05,0.00019337,0.0016527,0.0082152,0.026975,0.064697,0.12256,0.19472,0.2714,0.34314,0.4031,0.44742,0.47437,0.4834,0.47437,0.44742,0.4031,0.34314,0.2714,0.19472,0.12256,0.064697,0.026975,0.0082152,0.0016527,0.00019337,1.1222e-05,2.6553e-07,2.0174e-09,3.6943e-12,1.1591e-15,4.1721e-20,1.0797e-25,1.1721e-32,2.8814e-41,7.9726e-52,1.1298e-64,3.4002e-80,8.1696e-99,5.3192e-121,2.8637e-147,3.4832e-178,2.3338e-214,1.8674e-256,3.4297e-305
1.2697e-265,3.6817e-221,5.2164e-183,1.8304e-150,7.1376e-123,1.233e-99,3.3519e-80,4.5571e-64,8.843e-51,6.3045e-40,3.8516e-31,4.2821e-24,1.6838e-18,4.1887e-14,1.0912e-10,4.5875e-08,4.4934e-06,0.00013951,0.0017716,0.011331,0.043151,0.11171,0.2179,0.34652,0.47654,0.59178,0.68464,0.75423,0.80317,0.83501,0.85281,0.85852,0.85281,0.83501,0.80317,0.75423,0.68464,0.59178,0.47654,0.34652,0.2179,0.11171,0.043151,0.011331,0.0017716,0.00013951,4.4934e-06,4.5875e-08,1.0912e-10,4.1887e-14,1.6838e-18,4.2821e-24,3.8516e-31,6.3045e-40,8.843e-51,4.5571e-64,3.3519e-80,1.233e-99,7.1376e-123,1.8304e-150,5.2164e-183,3.6817e-221,1.2697e-265
6.5333e-231,2.1223e-190,6.9745e-156,1.1451e-126,4.1025e-102,1.2427e-81,1.0978e-64,8.7157e-51,1.7195e-39,2.1e-30,3.5805e-23,1.749e-17,4.594e-13,1.1206e-09,4.0566e-07,3.2436e-05,0.0007991,0.007982,0.040399,0.12376,0.2637,0.43472,0.60037,0.73609,0.8348,0.90081,0.94247,0.9677,0.98248,0.99078,0.99495,0.99622,0.99495,0.99078,0.98248,0.9677,0.94247,0.90081,0.8348,0.73609,0.60037,0.43472,0.2637,0.12376,0.040399,0.007982,0.0007991,3.2436e-05,4.0566e-07,1.1206e-09,4.594e-13,1.749e-17,3.5805e-23,2.1e-30,1.7195e-39,8.7157e-51,1.0978e-64,1.2427e-81,4.1025e-102,1.1451e-126,6.9745e-156,2.1223e-190,6.5333e-231
1.5108e-200,1.1199e-163,1.6906e-132,2.5023e-106,1.5441e-84,1.4967e-66,7.6332e-52,6.123e-40,2.0693e-30,7.1035e-23,5.4012e-17,1.8034e-12,4.7924e-09,1.6895e-06,0.00012189,0.0025858,0.021739,0.092171,0.23857,0.43695,0.63293,0.78644,0.88766,0.94609,0.97631,0.99046,0.99649,0.99882,0.99963,0.9999,0.99998,1,0.99998,0.9999,0.99963,0.99882,0.99649,0.99046,0.97631,0.94609,0.88766,0.78644,0.63293,0.43695,0.23857,0.092171,0.021739,0.0025858,0.00012189,1.6895e-06,4.7924e-09,1.8034e-12,5.4012e-17,7.1035e-23,2.0693e-30,6.123e-40,7.6332e-52,1.4967e-66,1.5441e-84,2.5023e-106,1.6906e-132,1.1199e-163,1.5108e-200
4.6206e-174,1.5407e-140,2.0473e-112,5.0912e-89,9.8128e-70,5.3719e-54,2.7178e-41,3.6853e-31,3.4759e-23,5.3212e-17,2.7874e-12,9.5678e-09,3.7654e-06,0.00027328,0.0054441,0.041288,0.15516,0.35564,0.58284,0.76848,0.88675,0.9481,0.9742,0.98296,0.985,0.98523,0.98523,0.98516,0.98487,0.98437,0.98389,0.98369,0.98389,0.98437,0.98487,0.98516,0.98523,0.98523,0.985,0.98296,0.9742,0.9481,0.88675,0.76848,0.58284,0.35564,0.15516,0.041288,0.0054441,0.00027328,3.7654e-06,9.5678e-09,2.7874e-12,5.3212e-17,3.4759e-23,3.6853e-31,2.7178e-41,5.3719e-54,9.8128e-70,5.0912e-89,2.0473e-112,1.5407e-140,4.6206e-174
5.0245e-151,1.4371e-120,3.1159e-95,2.3464e-74,2.4766e-57,1.3064e-43,1.0889e-32,4.0355e-24,1.6723e-17,1.75e-12,9.4239e-09,4.8303e-06,0.00039791,0.0081736,0.060106,0.21174,0.4491,0.68245,0.84381,0.92755,0.96035,0.96921,0.97039,0.9704,0.96998,0.96757,0.96173,0.95235,0.94092,0.92993,0.92203,0.91915,0.92203,0.92993,0.94092,0.95235,0.96173,0.96757,0.96998,0.9704,0.97039,0.96921,0.96035,0.92755,0.84381,0.68245,0.4491,0.21174,0.060106,0.0081736,0.00039791,4.8303e-06,9.4239e-09,1.75e-12,1.6723e-17,4.0355e-24,1.0889e-32,1.3064e-43,2.4766e-57,2.3464e-74,3.1159e-95,1.4371e-120,5.0245e-151
4.7912e-131,2.1683e-103,1.3748e-80,5.4624e-62,5.35e-47,4.4833e-35,9.878e-26,1.5626e-18,4.3256e-13,4.5793e-09,3.6521e-06,0.00039183,0.0092122,0.071003,0.24829,0.50835,0.73915,0.87787,0.93682,0.95338,0.95556,0.95557,0.95429,0.94704,0.92842,0.89588,0.8514,0.80085,0.7519,0.71173,0.68561,0.67658,0.68561,0.71173,0.7519,0.80085,0.8514,0.89588,0.92842,0.94704,0.95429,0.95557,0.95556,0.95338,0.93682,0.87787,0.73915,0.50835,0.24829,0.071003,0.0092122,0.00039183,3.6521e-06,4.5793e-09,4.3256e-13,1.5626e-18,9.878e-26,4.4833e-35,5.35e-47,5.4624e-62,1.3748e-80,2.1683e-103,4.7912e-131
9.1023e-114,1.1629e-88,3.7367e-68,1.3192e-51,1.9634e-38,4.1632e-28,3.7577e-20,3.8269e-14,1.0388e-09,1.5893e-06,0.00026094,0.0079239,0.069901,0.25824,0.53268,0.76289,0.88749,0.93174,0.94037,0.94076,0.93994,0.93157,0.90386,0.84748,0.76192,0.65704,0.5486,0.45127,0.37407,0.32005,0.28865,0.2784,0.28865,0.32005,0.37407,0.45127,0.5486,0.65704,0.76192,0.84748,0.90386,0.93157,0.93994,0.94076,0.94037,0.93174,0.88749,0.76289,0.53268,0.25824,0.069901,0.0079239,0.00026094,1.5893e-06,1.0388e-09,3.8269e-14,3.7577e-20,4.1632e-28,1.9634e-38,1.3192e-51,3.7367e-68,1.1629e-88,9.1023e-114
7.2421e-99,4.508e-76,1.2301e-57,6.2826e-43,2.2484e-31,1.8564e-22,1.0275e-15,9.8121e-11,3.7011e-07,0.00011286,0.0051165,0.057352,0.24059,0.52429,0.76164,0.8829,0.92059,0.92587,0.92589,0.92215,0.89961,0.83847,0.72857,0.58047,0.42243,0.2841,0.1814,0.11437,0.074592,0.052732,0.04206,0.038882,0.04206,0.052732,0.074592,0.11437,0.1814,0.2841,0.42243,0.58047,0.72857,0.83847,0.89961,0.92215,0.92589,0.92587,0.92059,0.8829,0.76164,0.52429,0.24059,0.057352,0.0051165,0.00011286,3.7011e-07,9.8121e-11,1.0275e-15,1.8564e-22,2.2484e-31,6.2826e-43,1.2301e-57,4.508e-76,7.2421e-99
4.7138e-86,2.3873e-65,8.9671e-49,1.043e-35,1.373e-25,6.5645e-18,3.2224e-12,4.0592e-08,2.912e-05,0.0023558,0.038182,0.1988,0.48469,0.73885,0.86876,0.90675,0.9111,0.91089,0.90296,0.86299,0.76358,0.59989,0.40496,0.23127,0.11254,0.048196,0.019204,0.0076649,0.0033306,0.00171,0.0011114,0.0009575,0.0011114,0.00171,0.0033306,0.0076649,0.019204,0.048196,0.11254,0.23127,0.40496,0.59989,0.76358,0.86299,0.90296,0.91089,0.9111,0.90675,0.86876,0.73885,0.48469,0.1988,0.038182,0.0023558,2.912e-05,4.0592e-08,3.2224e-12,6.5645e-18,1.373e-25,1.043e-35,8.9671e-49,2.3873e-65,4.7138e-86
4.5764e-75,3.0486e-56,2.4725e-41,9.9736e-30,7.1447e-21,2.8442e-14,1.7311e-09,3.9112e-06,0.00070573,0.019483,0.14116,0.4148,0.69329,0.84554,0.89112,0.89628,0.89597,0.88501,0.83054,0.69803,0.49231,0.275,0.11708,0.037637,0.0093795,0.0019318,0.0003629,7.0448e-05,1.6216e-05,5.0592e-06,2.3927e-06,1.848e-06,2.3927e-06,5.0592e-06,1.6216e-05,7.0448e-05,0.0003629,0.0019318,0.0093795,0.037637,0.11708,0.275,0.49231,0.69803,0.83054,0.88501,0.89597,0.89628,0.89112,0.84554,0.69329,0.4148,0.14116,0.019483,0.00070573,3.9112e-06,1.7311e-09,2.8442e-14,7.1447e-21,9.9736e-30,2.4725e-41,3.0486e-56,4.5764e-75
1.1329e-65,1.5548e-48,4.1356e-35,8.5296e-25,4.7608e-17,2.1954e-11,2.2408e-07,0.00011942,0.0069328,0.081242,0.31818,0.6199,0.80979,0.87302,0.88141,0.88126,0.87037,0.80976,0.65653,0.42283,0.19745,0.062082,0.012601,0.0016543,0.00014833,1.013e-05,6.1803e-07,4.1031e-08,3.6773e-09,5.4816e-10,1.6184e-10,1.0631e-10,1.6184e-10,5.4816e-10,3.6773e-09,4.1031e-08,6.1803e-07,1.013e-05,0.00014833,0.0016543,0.012601,0.062082,0.19745,0.42283,0.65653,0.80976,0.87037,0.88126,0.88141,0.87302,0.80979,0.6199,0.31818,0.081242,0.0069328,0.00011942,2.2408e-07,2.1954e-11,4.7608e-17,8.5296e-25,4.1356e-35,1.5548e-48,1.1329e-65
1.1514e-57,4.9432e-42,6.3495e-30,9.5653e-21,5.7696e-14,4.1531e-09,9.3114e-06,0.0014911,0.034498,0.20674,0.51268,0.75359,0.84963,0.86628,0.8666,0.85889,0.80307,0.64549,0.39538,0.16203,0.039366,0.0051707,0.0003509,1.2522e-05,2.5749e-07,3.6155e-09,4.4162e-11,6.321e-13,1.4681e-14,7.5908e-16,1.1396e-16,5.9321e-17,1.1396e-16,7.5908e-16,1.4681e-14,6.321e-13,4.4162e-11,3.6155e-09,2.5749e-07,1.2522e-05,0.0003509,0.0051707,0.039366,0.16203,0.39538,0.64549,0.80307,0.85889,0.8666,0.86628,0.84963,0.75359,0.51268,0.20674,0.034498,0.0014911,9.3114e-06,4.1531e-09,5.7696e-14,9.5653e-21,6.3495e-30,4.9432e-42,1.1514e-57
7.3154e-51,1.4484e-36,1.2836e-25,1.9574e-17,1.7165e-11,2.5207e-07,0.0001577,0.0093736,0.10387,0.37218,0.66443,0.8142,0.84986,0.85182,0.84834,0.80683,0.6634,0.40861,0.15926,0.033014,0.0031139,0.0001191,1.7563e-06,1.0344e-08,2.7913e-11,4.4186e-14,5.8307e-17,9.9049e-20,3.4971e-22,4.1037e-24,2.3824e-25,8.9394e-26,2.3824e-25,4.1037e-24,3.4971e-22,9.9049e-20,5.8307e-17,4.4186e-14,2.7913e-11,1.0344e-08,1.7563e-06,0.0001191,0.0031139,0.033014,0.15926,0.40861,0.6634,0.80683,0.84834,0.85182,0.84986,0.8142,0.66443,0.37218,0.10387,0.0093736,0.0001577,2.5207e-07,1.7165e-11,1.9574e-17,1.2836e-25,1.4484e-36,7.3154e-51
4.2045e-45,5.501e-32,4.6693e-22,9.7035e-15,1.6166e-09,6.1476e-06,0.0013244,0.035076,0.21748,0.52973,0.75333,0.82832,0.83698,0.83627,0.8132,0.70147,0.45974,0.18749,0.03802,0.0030597,7.9986e-05,5.8686e-07,1.1358e-09,6.1047e-13,1.1006e-16,9.3615e-21,6.1403e-25,5.7566e-29,1.5399e-32,2.3385e-35,3.6397e-37,8.6671e-38,3.6397e-37,2.3385e-35,1.5399e-32,5.7566e-29,6.1403e-25,9.3615e-21,1.1006e-16,6.1047e-13,1.1358e-09,5.8686e-07,7.9986e-05,0.0030597,0.03802,0.18749,0.45974,0.70147,0.8132,0.83627,0.83698,0.82832,0.75333,0.52973,0.21748,0.035076,0.0013244,6.1476e-06,1.6166e-09,9.7035e-15,4.6693e-22,5.501e-32,4.2045e-45
3.0174e-40,3.6384e-28,3.9964e-19,1.4827e-12,5.9666e-08,7.2576e-05,0.0064664,0.089193,0.35218,0.64656,0.79119,0.82116,0.82216,0.81415,0.74451,0.54133,0.25226,0.057906,0.0049054,0.00011496,5.7646e-07,5.1129e-10,7.3628e-14,1.8262e-18,0.36761,0.36761,0.36761,0.36761,0.36761,0.36761,0.36761,0.36761,0.36761,0.36761,3.6569e-46,4.4767e-41,2.2971e-35,1.8492e-29,9.9216e-24,1.8262e-18,7.3628e-14,5.1129e-10,5.7646e-07,0.00011496,0.0049054,0.057906,0.25226,0.54133,0.74451,0.81415,0.82216,0.82116,0.79119,0.64656,0.35218,0.089193,0.0064664,7.2576e-05,5.9666e-08,1.4827e-12,3.9964e-19,3.6384e-28,3.0174e-40
3.5753e-36,5.4038e-25,1.0116e-16,8.5555e-11,1.0307e-06,0.00048297,0.02085,0.17085,0.47761,0.71662,0.79832,0.80734,0.80626,0.77568,0.63527,0.35884,0.10546,0.011541,0.00032689,1.6646e-06,1.0956e-09,7.2301e-14,4.2024e-19,0.36761,0.36761,0.36761,0.36761,0.36761,0.36761,0.36761,0.36761,0.36761,0.36761,0.36761,0.36761,1.7734e-56,1.51e-48,2.0958e-40,1.4853e-32,2.258e-25,4.2024e-19,7.2301e-14,1.0956e-09,1.6646e-06,0.00032689,0.011541,0.10546,0.35884,0.63527,0.77568,0.80626,0.80734,0.79832,0.71662,0.47761,0.17085,0.02085,0.00048297,1.0307e-06,8.5555e-11,1.0116e-16,5.4038e-25,3.5753e-36
8.8932e-33,2.2384e-22,9.188e-15,2.2094e-09,9.6477e-06,0.0020492,0.049089,0.26671,0.57483,0.74977,0.7907,0.79253,0.78544,0.71395,0.49683,0.20117,0.03328,0.0014874,1.1451e-05,9.6237e-09,5.7804e-13,1.7604e-18,0.36761,0.36761,0.36761,0.36761,0.36761,0.36761,0.36761,0.36761,0.36761,0.36761,0.36761,0.36761,0.36761,0.36761,1.0668e-64,1.0622e-53,3.3824e-43,1.1601e-33,2.2166e-25,1.7604e-18,5.7804e-13,9.6237e-09,1.1451e-05,0.0014874,0.03328,0.20117,0.49683,0.71395,0.78544,0.79253,0.7907,0.74977,0.57483,0.26671,0.049089,0.0020492,9.6477e-06,2.2094e-09,9.188e-15,2.2384e-22,8.8932e-33
5.6979e-30,3.1064e-20,3.5204e-13,2.9383e-08,5.5122e-05,0.0061167,0.091256,0.35992,0.63971,0.75924,0.77753,0.77737,0.7556,0.62987,0.3548,0.096063,0.0081386,0.00013087,2.3107e-07,2.5485e-11,1.0226e-16,9.3849e-24,0.36761,0.36761,0.36761,2.7225e-69,7.161e-84,1.9446e-98,7.3418e-112,7.8949e-123,4.6556e-130,1.3758e-132,4.6556e-130,0.36761,0.36761,0.36761,7.161e-84,2.7225e-69,1.5057e-55,3.3191e-43,1.4308e-32,9.3849e-24,1.0226e-16,2.5485e-11,2.3107e-07,0.00013087,0.0081386,0.096063,0.3548,0.62987,0.7556,0.77737,0.77753,0.75924,0.63971,0.35992,0.091256,0.0061167,5.5122e-05,2.9383e-08,3.5204e-13,3.1064e-20,5.6979e-30
1.1171e-27,1.6832e-18,6.5061e-12,2.2575e-07,0.00021161,0.01388,0.14222,0.43844,0.67715,0.75557,0.76288,0.76066,0.71523,0.53281,0.23407,0.040355,0.0016443,8.7674e-06,3.1826e-09,3.9573e-14,8.5326e-21,1.7158e-29,0.36761,0.36761,0.36761,6.8942e-87,7.3077e-106,3.443e-125,2.2563e-143,1.5637e-158,1.0928e-168,2.8329e-172,1.0928e-168,0.36761,0.36761,0.36761,7.3077e-106,6.8942e-87,2.6706e-69,1.0225e-53,1.9803e-40,1.7158e-29,8.5326e-21,3.9573e-14,3.1826e-09,8.7674e-06,0.0016443,0.040355,0.23407,0.53281,0.71523,0.76066,0.76288,0.75557,0.67715,0.43844,0.14222,0.01388,0.00021161,2.2575e-07,6.5061e-12,1.6832e-18,1.1171e-27
7.7328e-26,4.0402e-17,6.4697e-11,1.0992e-06,0.00058902,0.025432,0.19437,0.49738,0.69469,0.7454,0.74806,0.74137,0.6665,0.43623,0.14655,0.015767,0.00030288,5.245e-07,3.8119e-11,5.1204e-17,5.4879e-25,2.09e-35,0.36761,0.36761,0.36761,7.1657e-106,4.4781e-130,2.4219e-155,8.7132e-180,9.3504e-201,3.7425e-215,2.5959e-220,3.7425e-215,0.36761,0.36761,0.36761,4.4781e-130,7.1657e-106,6.8881e-84,1.0069e-64,1.3991e-48,2.09e-35,5.4879e-25,5.1204e-17,3.8119e-11,5.245e-07,0.00030288,0.015767,0.14655,0.43623,0.6665,0.74137,0.74806,0.7454,0.69469,0.49738,0.19437,0.025432,0.00058902,1.0992e-06,6.4697e-11,4.0402e-17,7.7328e-26
2.123e-24,4.757e-16,3.7785e-10,3.6498e-06,0.0012615,0.039393,0.24088,0.53708,0.69915,0.73233,0.73319,0.7196,0.61451,0.35173,0.09057,0.0061685,5.7632e-05,3.4131e-08,5.348e-13,8.526e-20,5.043e-29,3.9924e-41,0.36761,0.36761,0.36761,3.3092e-125,2.3739e-155,0.36761,0.36761,0.36761,0.36761,0.36761,0.36761,2.0645e-249,2.5445e-220,8.8933e-188,0.36761,0.36761,0.36761,0.36761,0.36761,0.36761,5.043e-29,8.526e-20,5.348e-13,3.4131e-08,5.7632e-05,0.0061685,0.09057,0.35173,0.61451,0.7196,0.73319,0.73233,0.69915,0.53708,0.24088,0.039393,0.0012615,3.6498e-06,3.7785e-10,4.757e-16,2.123e-24
2.5346e-23,2.9766e-15,1.3876e-09,8.7455e-06,0.0021749,0.05338,0.27725,0.56037,0.69549,0.71812,0.71816,0.69659,0.56529,0.28566,0.057875,0.0026262,1.2998e-05,2.9971e-09,1.217e-14,2.9494e-22,1.3217e-32,3.1954e-46,0.36761,0.36761,0.36761,2.1247e-143,8.3679e-180,0.36761,0.36761,0.36761,0.36761,0.36761,0.36761,2.482e-303,6.2376e-263,2.4931e-220,0.36761,0.36761,0.36761,0.36761,0.36761,0.36761,1.3217e-32,2.9494e-22,1.217e-14,2.9971e-09,1.2998e-05,0.0026262,0.057875,0.28566,0.56529,0.69659,0.71816,0.71812,0.69549,0.56037,0.27725,0.05338,0.0021749,8.7455e-06,1.3876e-09,2.9766e-15,2.5346e-23
1.4107e-22,1.0513e-14,3.3717e-09,1.5768e-05,0.0031193,0.064848,0.30138,0.57057,0.68689,0.70349,0.70298,0.67425,0.52404,0.23936,0.04007,0.0013205,3.9715e-06,4.3754e-10,6.1626e-16,3.3896e-24,1.9658e-35,2.9137e-50,0.36761,0.36761,0.36761,1.4421e-158,8.7945e-201,0.36761,0.36761,0.36761,0.36761,0.36761,0.36761,0,2.4308e-303,1.981e-249,0.36761,0.36761,0.36761,0.36761,0.36761,0.36761,1.9658e-35,3.3896e-24,6.1626e-16,4.3754e-10,3.9715e-06,0.0013205,0.04007,0.23936,0.52404,0.67425,0.70298,0.70349,0.68689,0.57057,0.30138,0.064848,0.0031193,1.5768e-05,3.3717e-09,1.0513e-14,1.4107e-22
3.8424e-22,2.1857e-14,5.6157e-09,2.2014e-05,0.0038059,0.071792,0.31281,0.57045,0.67525,0.68872,0.68784,0.65443,0.49418,0.21133,0.031287,0.00084015,1.8387e-06,1.2646e-10,9.057e-17,1.9264e-25,2.9951e-37,7.2627e-53,0.36761,0.36761,0.36761,9.8661e-169,3.4459e-215,3.35e-270,0.36761,0.36761,0.36761,0,0,0.36761,0.36761,0.36761,3.4459e-215,9.8661e-169,0.36761,0.36761,0.36761,7.2627e-53,2.9951e-37,1.9264e-25,9.057e-17,1.2646e-10,1.8387e-06,0.00084015,0.031287,0.21133,0.49418,0.65443,0.68784,0.68872,0.67525,0.57045,0.31281,0.071792,0.0038059,2.2014e-05,5.6157e-09,2.1857e-14,3.8424e-22
5.2713e-22,2.7415e-14,6.5449e-09,2.4201e-05,0.0040021,0.073113,0.3119,0.56191,0.66156,0.67391,0.6729,0.63835,0.47717,0.19944,0.028301,0.00070826,1.3895e-06,8.1282e-11,4.6131e-17,7.0727e-26,6.9787e-38,9.0331e-54,0.36761,0.36761,0.36761,2.5027e-172,2.3387e-220,7.7817e-278,0.36761,0.36761,0.36761,0,0,0.36761,0.36761,0.36761,2.3387e-220,2.5027e-172,0.36761,0.36761,0.36761,9.0331e-54,6.9787e-38,7.0727e-26,4.6131e-17,8.1282e-11,1.3895e-06,0.00070826,0.028301,0.19944,0.47717,0.63835,0.6729,0.67391,0.66156,0.56191,0.3119,0.073113,0.0040021,2.4201e-05,6.5449e-09,2.7415e-14,5.2713e-22
3.677e-22,2.0916e-14,5.374e-09,2.1066e-05,0.0036421,0.068702,0.29934,0.5459,0.64619,0.65908,0.65823,0.62626,0.47291,0.20223,0.02994,0.00080399,1.7595e-06,1.2102e-10,8.6672e-17,1.8435e-25,2.8662e-37,6.9501e-53,0.36761,0.36761,0.36761,9.4414e-169,3.2976e-215,3.2059e-270,0.36761,0.36761,0.36761,0,0,0.36761,0.36761,0.36761,3.2976e-215,9.4414e-169,0.36761,0.36761,0.36761,6.9501e-53,2.8662e-37,1.8435e-25,8.6672e-17,1.2102e-10,1.7595e-06,0.00080399,0.02994,0.20223,0.47291,0.62626,0.65823,0.65908,0.64619,0.5459,0.29934,0.068702,0.0036421,2.1066e-05,5.374e-09,2.0916e-14,3.677e-22
1.2918e-22,9.6275e-15,3.0876e-09,1.4439e-05,0.0028564,0.059383,0.27598,0.52248,0.629,0.64421,0.64374,0.61743,0.47988,0.21919,0.036693,0.0012092,3.6368e-06,4.0067e-10,5.6433e-16,3.104e-24,1.8001e-35,2.6682e-50,0.36761,0.36761,0.36761,0.36761,0.36761,0.36761,0.36761,0.36761,0.36761,0.36761,0.36761,0.36761,0.36761,0.36761,8.0534e-201,1.3206e-158,0.36761,0.36761,0.36761,2.6682e-50,1.8001e-35,3.104e-24,5.6433e-16,4.0067e-10,3.6368e-06,0.0012092,0.036693,0.21919,0.47988,0.61743,0.64374,0.64421,0.629,0.52248,0.27598,0.059383,0.0028564,1.4439e-05,3.0876e-09,9.6275e-15,1.2918e-22
2.2208e-23,2.6081e-15,1.2158e-09,7.6628e-06,0.0019057,0.046772,0.24293,0.491,0.60939,0.62922,0.62925,0.61035,0.49531,0.2503,0.05071,0.0023011,1.1389e-05,2.6261e-09,1.0663e-14,2.5843e-22,1.1581e-32,2.7998e-46,1.0514e-63,0.36761,0.36761,0.36761,0.36761,0.36761,0.36761,0.36761,0.36761,0.36761,0.36761,0.36761,0.36761,2.1844e-220,7.332e-180,1.8617e-143,0.36761,0.36761,0.36761,2.7998e-46,1.1581e-32,2.5843e-22,1.0663e-14,2.6261e-09,1.1389e-05,0.0023011,0.05071,0.2503,0.49531,0.61035,0.62925,0.62922,0.60939,0.491,0.24293,0.046772,0.0019057,7.6628e-06,1.2158e-09,2.6081e-15,2.2208e-23
1.7797e-24,3.9877e-16,3.1674e-10,3.0595e-06,0.0010575,0.033022,0.20192,0.45022,0.58608,0.6139,0.61461,0.60322,0.51513,0.29484,0.075923,0.0051709,4.8312e-05,2.8611e-08,4.4831e-13,7.1472e-20,4.2274e-29,3.3467e-41,1.3501e-56,1.2317e-75,0.36761,0.36761,0.36761,0.36761,0.36761,0.36761,0.36761,0.36761,0.36761,0.36761,2.133e-220,7.455e-188,1.99e-155,2.774e-125,0.36761,0.36761,0.36761,3.3467e-41,4.2274e-29,7.1472e-20,4.4831e-13,2.8611e-08,4.8312e-05,0.0051709,0.075923,0.29484,0.51513,0.60322,0.61461,0.6139,0.58608,0.45022,0.20192,0.033022,0.0010575,3.0595e-06,3.1674e-10,3.9877e-16,1.7797e-24
6.2006e-26,3.2397e-17,5.1877e-11,8.8138e-07,0.0004723,0.020392,0.15586,0.39882,0.55704,0.5977,0.59983,0.59447,0.53444,0.34979,0.11751,0.012643,0.00024287,4.2057e-07,3.0566e-11,4.1058e-17,4.4004e-25,1.6759e-35,1.1219e-48,8.0741e-65,5.5232e-84,5.7458e-106,3.5908e-130,1.942e-155,0.36761,0.36761,0.36761,2.0815e-220,3.0009e-215,7.4976e-201,6.9867e-180,1.942e-155,3.5908e-130,5.7458e-106,0.36761,0.36761,0.36761,1.6759e-35,4.4004e-25,4.1058e-17,3.0566e-11,4.2057e-07,0.00024287,0.012643,0.11751,0.34979,0.53444,0.59447,0.59983,0.5977,0.55704,0.39882,0.15586,0.020392,0.0004723,8.8138e-07,5.1877e-11,3.2397e-17,6.2006e-26
8.5666e-28,1.2908e-18,4.9892e-12,1.7311e-07,0.00016227,0.010644,0.10906,0.33621,0.51926,0.5794,0.58501,0.5833,0.54846,0.40858,0.17949,0.030946,0.0012609,6.7232e-06,2.4406e-09,3.0346e-14,6.5431e-21,1.3157e-29,1.5186e-40,7.841e-54,2.0479e-69,5.2867e-87,5.6039e-106,2.6402e-125,0.36761,0.36761,0.36761,2.1724e-172,8.3798e-169,1.1991e-158,1.7302e-143,2.6402e-125,5.6039e-106,5.2867e-87,0.36761,0.36761,0.36761,1.3157e-29,6.5431e-21,3.0346e-14,2.4406e-09,6.7232e-06,0.0012609,0.030946,0.17949,0.40858,0.54846,0.5833,0.58501,0.5794,0.51926,0.33621,0.10906,0.010644,0.00016227,1.7311e-07,4.9892e-12,1.2908e-18,8.5666e-28
4.1775e-30,2.2775e-20,2.5811e-13,2.1543e-08,4.0413e-05,0.0044845,0.066905,0.26388,0.46901,0.55665,0.57005,0.56994,0.55398,0.4618,0.26013,0.07043,0.0059669,9.5949e-05,1.6941e-07,1.8685e-11,7.4977e-17,6.8807e-24,1.049e-32,2.4334e-43,1.1039e-55,1.9961e-69,5.2502e-84,1.4257e-98,0.36761,0.36761,0.36761,1.0087e-132,3.4133e-130,5.7882e-123,5.3827e-112,1.4257e-98,5.2502e-84,1.9961e-69,0.36761,0.36761,0.36761,6.8807e-24,7.4977e-17,1.8685e-11,1.6941e-07,9.5949e-05,0.0059669,0.07043,0.26013,0.4618,0.55398,0.56994,0.57005,0.55665,0.46901,0.26388,0.066905,0.0044845,4.0413e-05,2.1543e-08,2.5811e-13,2.2775e-20,4.1775e-30
6.2319e-33,1.5686e-22,6.4385e-15,1.5482e-09,6.7606e-06,0.001436,0.034399,0.1869,0.40281,0.5254,0.55408,0.55536,0.5504,0.5003,0.34816,0.14097,0.023321,0.0010423,8.0241e-06,6.7438e-09,4.0506e-13,1.2336e-18,1.5533e-25,8.1292e-34,2.3702e-43,7.4437e-54,7.4755e-65,1.1129e-75,0.36761,0.36761,0.36761,0.36761,0.36761,0.36761,0.36761,0.36761,0.36761,0.36761,0.36761,0.36761,0.36761,1.2336e-18,4.0506e-13,6.7438e-09,8.0241e-06,0.0010423,0.023321,0.14097,0.34816,0.5003,0.5504,0.55536,0.55408,0.5254,0.40281,0.1869,0.034399,0.001436,6.7606e-06,1.5482e-09,6.4385e-15,1.5686e-22,6.2319e-33
2.3937e-36,3.6179e-25,6.7728e-17,5.7281e-11,6.9011e-07,0.00032336,0.013959,0.11439,0.31977,0.47979,0.53449,0.54053,0.53981,0.51934,0.42533,0.24025,0.070609,0.0077272,0.00021886,1.1145e-06,7.3354e-10,4.8407e-14,2.8136e-19,1.5118e-25,9.9446e-33,1.4032e-40,1.011e-48,1.1873e-56,9.0287e-64,0.36761,0.36761,0.36761,0.36761,0.36761,0.36761,0.36761,0.36761,0.36761,0.36761,0.36761,2.8136e-19,4.8407e-14,7.3354e-10,1.1145e-06,0.00021886,0.0077272,0.070609,0.24025,0.42533,0.51934,0.53981,0.54053,0.53449,0.47979,0.31977,0.11439,0.013959,0.00032336,6.9011e-07,5.7281e-11,6.7728e-17,3.6179e-25,2.3937e-36
1.9294e-40,2.3265e-28,2.5554e-19,9.4804e-13,3.8152e-08,4.6407e-05,0.0041348,0.057032,0.22519,0.41342,0.5059,0.52507,0.52571,0.52058,0.47606,0.34614,0.1613,0.037027,0.0031366,7.3506e-05,3.686e-07,3.2693e-10,4.708e-14,1.1677e-18,6.3441e-24,1.1824e-29,1.4688e-35,2.8625e-41,2.3383e-46,2.1771e-50,0.36761,0.36761,0.36761,0.36761,0.36761,0.36761,0.36761,0.36761,0.36761,1.1677e-18,4.708e-14,3.2693e-10,3.686e-07,7.3506e-05,0.0031366,0.037027,0.1613,0.34614,0.47606,0.52058,0.52571,0.52507,0.5059,0.41342,0.22519,0.057032,0.0041348,4.6407e-05,3.8152e-08,9.4804e-13,2.5554e-19,2.3265e-28,1.9294e-40
2.5664e-45,3.3577e-32,2.8501e-22,5.9229e-15,9.8677e-10,3.7524e-06,0.00080838,0.02141,0.13275,0.32334,0.45983,0.5056,0.51088,0.51045,0.49637,0.42817,0.28062,0.11444,0.023207,0.0018676,4.8823e-05,3.5821e-07,6.9331e-10,3.7263e-13,6.718e-17,5.7142e-21,3.748e-25,3.5138e-29,9.3992e-33,1.4274e-35,2.2216e-37,5.2903e-38,2.2216e-37,1.4274e-35,9.3992e-33,3.5138e-29,3.748e-25,5.7142e-21,6.718e-17,3.7263e-13,6.9331e-10,3.5821e-07,4.8823e-05,0.0018676,0.023207,0.11444,0.28062,0.42817,0.49637,0.51045,0.51088,0.5056,0.45983,0.32334,0.13275,0.02141,0.00080838,3.7524e-06,9.8677e-10,5.9229e-15,2.8501e-22,3.3577e-32,2.5664e-45
4.2602e-51,8.4353e-37,7.4754e-26,1.1399e-17,9.9966e-12,1.468e-07,9.1838e-05,0.0054588,0.060493,0.21675,0.38694,0.47416,0.49493,0.49607,0.49404,0.46987,0.38634,0.23796,0.092745,0.019226,0.0018134,6.9361e-05,1.0228e-06,6.0238e-09,1.6256e-11,2.5733e-14,3.3956e-17,5.7683e-20,2.0366e-22,2.3899e-24,1.3874e-25,5.206e-26,1.3874e-25,2.3899e-24,2.0366e-22,5.7683e-20,3.3956e-17,2.5733e-14,1.6256e-11,6.0238e-09,1.0228e-06,6.9361e-05,0.0018134,0.019226,0.092745,0.23796,0.38634,0.46987,0.49404,0.49607,0.49493,0.47416,0.38694,0.21675,0.060493,0.0054588,9.1838e-05,1.468e-07,9.9966e-12,1.1399e-17,7.4754e-26,8.4353e-37,4.2602e-51
6.3935e-58,2.745e-42,3.5259e-30,5.3116e-21,3.2039e-14,2.3062e-09,5.1706e-06,0.00082799,0.019157,0.11481,0.2847,0.41847,0.4718,0.48105,0.48123,0.47695,0.44594,0.35844,0.21955,0.089974,0.02186,0.0028713,0.00019485,6.9533e-06,1.4299e-07,2.0077e-09,2.4523e-11,3.51e-13,8.1525e-15,4.2152e-16,6.3282e-17,3.2941e-17,6.3282e-17,4.2152e-16,8.1525e-15,3.51e-13,2.4523e-11,2.0077e-09,1.4299e-07,6.9533e-06,0.00019485,0.0028713,0.02186,0.089974,0.21955,0.35844,0.44594,0.47695,0.48123,0.48105,0.4718,0.41847,0.2847,0.11481,0.019157,0.00082799,5.1706e-06,2.3062e-09,3.2039e-14,5.3116e-21,3.5259e-30,2.745e-42,6.3935e-58
5.9948e-66,8.227e-49,2.1883e-35,4.5134e-25,2.5191e-17,1.1617e-11,1.1857e-07,6.3193e-05,0.0036685,0.042989,0.16837,0.32802,0.4285,0.46196,0.46639,0.46631,0.46056,0.42848,0.3474,0.22374,0.10448,0.032851,0.0066677,0.00087538,7.8489e-05,5.3604e-06,3.2703e-07,2.1711e-08,1.9459e-09,2.9006e-10,8.5638e-11,5.6254e-11,8.5638e-11,2.9006e-10,1.9459e-09,2.1711e-08,3.2703e-07,5.3604e-06,7.8489e-05,0.00087538,0.0066677,0.032851,0.10448,0.22374,0.3474,0.42848,0.46056,0.46631,0.46639,0.46196,0.4285,0.32802,0.16837,0.042989,0.0036685,6.3193e-05,1.1857e-07,1.1617e-11,2.5191e-17,4.5134e-25,2.1883e-35,8.227e-49,5.9948e-66
2.3059e-75,1.5361e-56,1.2458e-41,5.0253e-30,3.5999e-21,1.4331e-14,8.7225e-10,1.9707e-06,0.00035559,0.0098167,0.071124,0.209,0.34932,0.42603,0.449,0.4516,0.45144,0.44592,0.41847,0.35171,0.24805,0.13856,0.058991,0.018964,0.004726,0.00097335,0.00018285,3.5496e-05,8.1708e-06,2.5491e-06,1.2056e-06,9.3112e-07,1.2056e-06,2.5491e-06,8.1708e-06,3.5496e-05,0.00018285,0.00097335,0.004726,0.018964,0.058991,0.13856,0.24805,0.35171,0.41847,0.44592,0.45144,0.4516,0.449,0.42603,0.34932,0.209,0.071124,0.0098167,0.00035559,1.9707e-06,8.7225e-10,1.4331e-14,3.5999e-21,5.0253e-30,1.2458e-41,1.5361e-56,2.3059e-75
2.2598e-86,1.1445e-65,4.2988e-49,4.9999e-36,6.5819e-26,3.147e-18,1.5448e-12,1.9459e-08,1.396e-05,0.0011294,0.018304,0.095303,0.23236,0.3542,0.41648,0.43469,0.43677,0.43668,0.43287,0.41371,0.36605,0.28758,0.19413,0.11087,0.053952,0.023105,0.0092062,0.0036745,0.0015967,0.00081974,0.00053278,0.00045902,0.00053278,0.00081974,0.0015967,0.0036745,0.0092062,0.023105,0.053952,0.11087,0.19413,0.28758,0.36605,0.41371,0.43287,0.43668,0.43677,0.43469,0.41648,0.3542,0.23236,0.095303,0.018304,0.0011294,1.396e-05,1.9459e-08,1.5448e-12,3.147e-18,6.5819e-26,4.9999e-36,4.2988e-49,1.1445e-65,2.2598e-86
3.3003e-99,2.0543e-76,5.6058e-58,2.8631e-43,1.0246e-31,8.46e-23,4.6825e-16,4.4715e-11,1.6866e-07,5.1429e-05,0.0023316,0.026136,0.10964,0.23892,0.34709,0.40234,0.41952,0.42193,0.42194,0.42023,0.40996,0.3821,0.33202,0.26452,0.1925,0.12947,0.082665,0.052121,0.033992,0.024031,0.019167,0.017719,0.019167,0.024031,0.033992,0.052121,0.082665,0.12947,0.1925,0.26452,0.33202,0.3821,0.40996,0.42023,0.42194,0.42193,0.41952,0.40234,0.34709,0.23892,0.10964,0.026136,0.0023316,5.1429e-05,1.6866e-07,4.4715e-11,4.6825e-16,8.46e-23,1.0246e-31,2.8631e-43,5.6058e-58,2.0543e-76,3.3003e-99
3.9392e-114,5.0328e-89,1.6172e-68,5.7093e-52,8.4969e-39,1.8017e-28,1.6262e-20,1.6562e-14,4.4955e-10,6.8783e-07,0.00011293,0.0034293,0.030251,0.11176,0.23053,0.33016,0.38408,0.40323,0.40697,0.40714,0.40678,0.40316,0.39116,0.36677,0.32974,0.28435,0.23742,0.1953,0.16189,0.13851,0.12492,0.12049,0.12492,0.13851,0.16189,0.1953,0.23742,0.28435,0.32974,0.36677,0.39116,0.40316,0.40678,0.40714,0.40697,0.40323,0.38408,0.33016,0.23053,0.11176,0.030251,0.0034293,0.00011293,6.8783e-07,4.4955e-10,1.6562e-14,1.6262e-20,1.8017e-28,8.4969e-39,5.7093e-52,1.6172e-68,5.0328e-89,3.9392e-114
1.967e-131,8.9021e-104,5.6444e-81,2.2426e-62,2.1964e-47,1.8406e-35,4.0554e-26,6.4153e-19,1.7759e-13,1.88e-09,1.4994e-06,0.00016086,0.003782,0.02915,0.10194,0.2087,0.30346,0.36041,0.38461,0.39141,0.3923,0.39231,0.39178,0.3888,0.38116,0.3678,0.34954,0.32879,0.30869,0.2922,0.28148,0.27777,0.28148,0.2922,0.30869,0.32879,0.34954,0.3678,0.38116,0.3888,0.39178,0.39231,0.3923,0.39141,0.38461,0.36041,0.30346,0.2087,0.10194,0.02915,0.003782,0.00016086,1.4994e-06,1.88e-09,1.7759e-13,6.4153e-19,4.0554e-26,1.8406e-35,2.1964e-47,2.2426e-62,5.6444e-81,8.9021e-104,1.967e-131
1.9545e-151,5.5904e-121,1.2121e-95,9.1276e-75,9.6339e-58,5.0819e-44,4.2359e-33,1.5698e-24,6.5054e-18,6.8074e-13,3.6659e-09,1.879e-06,0.00015479,0.0031795,0.023381,0.082366,0.1747,0.26547,0.32824,0.36082,0.37358,0.37702,0.37748,0.37749,0.37732,0.37639,0.37411,0.37047,0.36602,0.36175,0.35867,0.35755,0.35867,0.36175,0.36602,0.37047,0.37411,0.37639,0.37732,0.37749,0.37748,0.37702,0.37358,0.36082,0.32824,0.26547,0.1747,0.082366,0.023381,0.0031795,0.00015479,1.879e-06,3.6659e-09,6.8074e-13,6.5054e-18,1.5698e-24,4.2359e-33,5.0819e-44,9.6339e-58,9.1276e-75,1.2121e-95,5.5904e-121,1.9545e-151
1.7009e-174,5.6712e-141,7.5363e-113,1.8741e-89,3.6121e-70,1.9774e-54,1.0004e-41,1.3566e-31,1.2795e-23,1.9587e-17,1.026e-12,3.522e-09,1.3861e-06,0.0001006,0.002004,0.015198,0.057117,0.13091,0.21454,0.28288,0.32642,0.349,0.35861,0.36183,0.36258,0.36267,0.36267,0.36264,0.36254,0.36235,0.36218,0.3621,0.36218,0.36235,0.36254,0.36264,0.36267,0.36267,0.36258,0.36183,0.35861,0.349,0.32642,0.28288,0.21454,0.13091,0.057117,0.015198,0.002004,0.0001006,1.3861e-06,3.522e-09,1.026e-12,1.9587e-17,1.2795e-23,1.3566e-31,1.0004e-41,1.9774e-54,3.6121e-70,1.8741e-89,7.5363e-113,5.6712e-141,1.7009e-174
5.2551e-201,3.8954e-164,5.8804e-133,8.7035e-107,5.3707e-85,5.2058e-67,2.655e-52,2.1297e-40,7.1975e-31,2.4708e-23,1.8787e-17,6.2728e-13,1.6669e-09,5.8766e-07,4.2396e-05,0.00089941,0.0075612,0.03206,0.082981,0.15198,0.22015,0.27354,0.30875,0.32907,0.33959,0.34451,0.3466,0.34741,0.3477,0.34779,0.34782,0.34783,0.34782,0.34779,0.3477,0.34741,0.3466,0.34451,0.33959,0.32907,0.30875,0.27354,0.22015,0.15198,0.082981,0.03206,0.0075612,0.00089941,4.2396e-05,5.8766e-07,1.6669e-09,6.2728e-13,1.8787e-17,2.4708e-23,7.1975e-31,2.1297e-40,2.655e-52,5.2058e-67,5.3707e-85,8.7035e-107,5.8804e-133,3.8954e-164,5.2551e-201
2.1439e-231,6.9642e-191,2.2886e-156,3.7575e-127,1.3462e-102,4.0778e-82,3.6022e-65,2.86e-51,5.6423e-40,6.8908e-31,1.1749e-23,5.739e-18,1.5075e-13,3.6771e-10,1.3311e-07,1.0644e-05,0.00026222,0.0026192,0.013256,0.04061,0.086531,0.14265,0.19701,0.24154,0.27393,0.29559,0.30926,0.31754,0.32239,0.32511,0.32648,0.3269,0.32648,0.32511,0.32239,0.31754,0.30926,0.29559,0.27393,0.24154,0.19701,0.14265,0.086531,0.04061,0.013256,0.0026192,0.00026222,1.0644e-05,1.3311e-07,3.6771e-10,1.5075e-13,5.739e-18,1.1749e-23,6.8908e-31,5.6423e-40,2.86e-51,3.6022e-65,4.0778e-82,1.3462e-102,3.7575e-127,2.2886e-156,6.9642e-191,2.1439e-231
3.9237e-266,1.1377e-221,1.612e-183,5.6562e-151,2.2057e-123,3.8102e-100,1.0358e-80,1.4082e-64,2.7327e-51,1.9482e-40,1.1902e-31,1.3232e-24,5.2033e-19,1.2944e-14,3.3719e-11,1.4176e-08,1.3885e-06,4.3111e-05,0.00054746,0.0035015,0.013335,0.034519,0.067337,0.10708,0.14726,0.18287,0.21157,0.23307,0.2482,0.25804,0.26354,0.2653,0.26354,0.25804,0.2482,0.23307,0.21157,0.18287,0.14726,0.10708,0.067337,0.034519,0.013335,0.0035015,0.00054746,4.3111e-05,1.3885e-06,1.4176e-08,3.3719e-11,1.2944e-14,5.2033e-19,1.3232e-24,1.1902e-31,1.9482e-40,2.7327e-51,1.4082e-64,1.0358e-80,3.8102e-100,2.2057e-123,5.6562e-151,1.612e-183,1.1377e-221,3.9237e-266
9.9613e-306,5.4238e-257,6.7784e-215,1.0117e-178,8.3173e-148,1.5449e-121,2.3728e-99,9.8756e-81,3.2816e-65,2.3156e-52,8.3689e-42,3.4042e-33,3.136e-26,1.2118e-20,3.3666e-16,1.073e-12,5.8596e-10,7.7121e-08,3.2595e-06,5.6164e-05,0.00048003,0.002386,0.0078346,0.018791,0.035598,0.056555,0.078828,0.099662,0.11708,0.12995,0.13778,0.1404,0.13778,0.12995,0.11708,0.099662,0.078828,0.056555,0.035598,0.018791,0.0078346,0.002386,0.00048003,5.6164e-05,3.2595e-06,7.7121e-08,5.8596e-10,1.073e-12,3.3666e-16,1.2118e-20,3.136e-26,3.4042e-33,8.3689e-42,2.3156e-52,3.2816e-65,9.8756e-81,2.3728e-99,1.5449e-121,8.3173e-148,1.0117e-178,6.7784e-215,5.4238e-257,9.9613e-306
0,2.1832e-297,5.0828e-251,6.6304e-211,2.2981e-176,8.9352e-147,1.4694e-121,3.4552e-100,3.5333e-82,4.3185e-67,1.5733e-54,3.8846e-44,1.3538e-35,1.277e-28,5.7853e-23,2.079e-18,9.1567e-15,7.1867e-12,1.3828e-09,8.5387e-08,2.1194e-06,2.5471e-05,0.00017262,0.0007461,0.0022695,0.00525,0.0098098,0.015502,0.02144,0.026595,0.030076,0.031303,0.030076,0.026595,0.02144,0.015502,0.0098098,0.00525,0.0022695,0.0007461,0.00017262,2.5471e-05,2.1194e-06,8.5387e-08,1.3828e-09,7.1867e-12,9.1567e-15,2.079e-18,5.7853e-23,1.277e-28,1.3538e-35,3.8846e-44,1.5733e-54,4.3185e-67,3.5333e-82,3.4552e-100,1.4694e-121,8.9352e-147,2.2981e-176,6.6304e-211,5.0828e-251,2.1832e-297,0
0,0,1.8312e-292,4.4257e-248,1.3341e-209,2.1801e-176,7.5046e-148,1.8974e-123,1.1065e-102,4.2264e-85,2.7263e-70,6.9858e-58,1.5325e-47,5.7127e-39,6.6468e-32,4.1249e-26,2.182e-21,1.4784e-17,1.8223e-14,5.5161e-12,5.287e-10,1.9865e-08,3.4947e-07,3.3322e-06,1.9401e-05,7.5926e-05,0.00021553,0.00047095,0.00082868,0.0012136,0.0015125,0.0016255,0.0015125,0.0012136,0.00082868,0.00047095,0.00021553,7.5926e-05,1.9401e-05,3.3322e-06,3.4947e-07,1.9865e-08,5.287e-10,5.5161e-12,1.8223e-14,1.4784e-17,2.182e-21,4.1249e-26,6.6468e-32,5.7127e-39,1.5325e-47,6.9858e-58,2.7263e-70,4.2264e-85,1.1065e-102,1.8974e-123,7.5046e-148,2.1801e-176,1.3341e-209,4.4257e-248,1.8312e-292,0,0
0,0,0,7.5099e-291,4.186e-248,5.9492e-211,8.6339e-179,4.6023e-151,2.9213e-127,6.4782e-107,1.3379e-89,6.2603e-75,1.48e-62,3.6307e-52,1.7567e-43,2.9638e-36,2.881e-30,2.5053e-25,2.8576e-21,5.9495e-18,3.0016e-15,4.6689e-13,2.7436e-11,7.2176e-10,9.782e-09,7.6615e-08,3.8043e-07,1.2887e-06,3.1517e-06,5.8022e-06,8.2749e-06,9.2973e-06,8.2749e-06,5.8022e-06,3.1517e-06,1.2887e-06,3.8043e-07,7.6615e-08,9.782e-09,7.2176e-10,2.7436e-11,4.6689e-13,3.0016e-15,5.9495e-18,2.8576e-21,2.5053e-25,2.881e-30,2.9638e-36,1.7567e-43,3.6307e-52,1.48e-62,6.2603e-75,1.3379e-89,6.4782e-107,2.9213e-127,4.6023e-151,8.6339e-179,5.9492e-211,4.186e-248,7.5099e-291,0,0,0
0,0,0,0,1.6329e-292,4.2995e-251,5.4536e-215,1.2365e-183,1.6774e-156,4.1263e-133,5.0721e-113,7.8374e-96,3.5117e-81,9.6951e-69,3.2427e-58,2.4023e-49,6.7333e-42,1.1452e-35,1.7883e-30,3.6781e-26,1.3616e-22,1.1864e-19,3.0583e-17,2.8297e-15,1.1049e-13,2.0816e-12,2.111e-11,1.2578e-10,4.7144e-10,1.1697e-09,1.9901e-09,2.3704e-09,1.9901e-09,1.1697e-09,4.7144e-10,1.2578e-10,2.111e-11,2.0816e-12,1.1049e-13,2.8297e-15,3.0583e-17,1.1864e-19,1.3616e-22,3.6781e-26,1.7883e-30,1.1452e-35,6.7333e-42,2.4023e-49,3.2427e-58,9.6951e-69,3.5117e-81,7.8374e-96,5.0721e-113,4.1263e-133,1.6774e-156,1.2365e-183,5.4536e-215,4.2995e-251,1.6329e-292,0,0,0,0
0,0,0,0,0,1.7346e-297,4.0988e-257,8.1973e-222,4.7943e-191,2.5674e-164,3.5851e-141,3.3952e-121,5.2022e-104,2.834e-89,1.1162e-76,6.0071e-66,7.7981e-57,4.0438e-49,1.3077e-42,3.8984e-37,1.5068e-32,1.0146e-28,1.5345e-25,6.4753e-23,9.1573e-21,5.0584e-19,1.2382e-17,1.4874e-16,9.4991e-16,3.4257e-15,7.2752e-15,9.326e-15,7.2752e-15,3.4257e-15,9.4991e-16,1.4874e-16,1.2382e-17,5.0584e-19,9.1573e-21,6.4753e-23,1.5345e-25,1.0146e-28,1.5068e-32,3.8984e-37,1.3077e-42,4.0438e-49,7.7981e-57,6.0071e-66,1.1162e-76,2.834e-89,5.2022e-104,3.3952e-121,3.5851e-141,2.5674e-164,4.7943e-191,8.1973e-222,4.0988e-257,1.7346e-297,0,0,0,0,0
0,0,0,0,0,0,7.0411e-306,2.6442e-266,1.3805e-231,3.2396e-201,1.0057e-174,1.1103e-151,1.0752e-131,2.0748e-114,1.6772e-99,1.1094e-86,1.0949e-75,2.7561e-66,2.8488e-58,1.8416e-51,1.0772e-45,7.8699e-41,9.4962e-37,2.4063e-33,1.5711e-30,3.1401e-28,2.2167e-26,6.2088e-25,7.5654e-24,4.2993e-23,1.1963e-22,1.6772e-22,1.1963e-22,4.2993e-23,7.5654e-24,6.2088e-25,2.2167e-26,3.1401e-28,1.5711e-30,2.4063e-33,9.4962e-37,7.8699e-41,1.0772e-45,1.8416e-51,2.8488e-58,2.7561e-66,1.0949e-75,1.1094e-86,1.6772e-99,2.0748e-114,1.0752e-131,1.1103e-151,1.0057e-174,3.2396e-201,1.3805e-231,2.6442e-266,7.0411e-306,0,0,0,0,0,0
